{"cameraMode":{"drawMode":0,"name":"Shaded","section":"Shading Mode"},"sceneLighting":false,"audioPlay":false,"sceneViewState":{"showFog":true,"showMaterialUpdate":false,"showSkybox":true,"showFlares":true,"showImageEffects":true,"showParticleSystems":true},"in2DMode":false,"pivot":{"x":-7.767952919006348,"y":2.286318302154541,"z":-0.576471745967865},"rotation":{"x":0.08131229877471924,"y":0.9117239117622376,"z":-0.21966704726219178,"w":0.33748236298561098},"size":6.110989570617676,"orthographic":false}