{"cameraMode":{"drawMode":0,"name":"Shaded","section":"Shading Mode"},"sceneLighting":false,"audioPlay":false,"sceneViewState":{"showFog":true,"showMaterialUpdate":false,"showSkybox":true,"showFlares":true,"showImageEffects":true,"showParticleSystems":true},"in2DMode":false,"pivot":{"x":96.72180938720703,"y":-95.6812973022461,"z":-55.39912414550781},"rotation":{"x":-0.0839419737458229,"y":0.7797268629074097,"z":-0.10709983855485916,"w":-0.6111541986465454},"size":8.712013244628907,"orthographic":false}