{"cameraMode":{"drawMode":0,"name":"Shaded","section":"Shading Mode"},"sceneLighting":true,"audioPlay":false,"sceneViewState":{"showFog":true,"showMaterialUpdate":false,"showSkybox":true,"showFlares":true,"showImageEffects":true,"showParticleSystems":true},"in2DMode":false,"pivot":{"x":182.42697143554688,"y":-93.84402465820313,"z":1019.35595703125},"rotation":{"x":-0.061682045459747317,"y":-0.9351587891578674,"z":0.20372575521469117,"w":-0.2831417918205261},"size":8.356348037719727,"orthographic":false}