{"cameraMode":{"drawMode":0,"name":"Shaded","section":"Shading Mode"},"sceneLighting":false,"audioPlay":false,"sceneViewState":{"showFog":true,"showMaterialUpdate":false,"showSkybox":true,"showFlares":true,"showImageEffects":true,"showParticleSystems":true},"in2DMode":false,"pivot":{"x":137.29095458984376,"y":-95.59027099609375,"z":1194.6998291015625},"rotation":{"x":-0.1865578591823578,"y":-0.32356077432632449,"z":0.06522947549819946,"w":-0.9253376722335815},"size":0.9605511426925659,"orthographic":false}