{"cameraMode":{"drawMode":0,"name":"Shaded","section":"Shading Mode"},"sceneLighting":false,"audioPlay":false,"sceneViewState":{"showFog":true,"showMaterialUpdate":false,"showSkybox":true,"showFlares":true,"showImageEffects":true,"showParticleSystems":true},"in2DMode":false,"pivot":{"x":95.00726318359375,"y":-95.67975616455078,"z":-33.983062744140628},"rotation":{"x":0.17362551391124726,"y":0.6180217266082764,"z":-0.14242592453956605,"w":0.7534044981002808},"size":1.1294587850570679,"orthographic":false}