{"cameraMode":{"drawMode":0,"name":"Shaded","section":"Shading Mode"},"sceneLighting":false,"audioPlay":false,"sceneViewState":{"showFog":true,"showMaterialUpdate":false,"showSkybox":true,"showFlares":true,"showImageEffects":true,"showParticleSystems":true},"in2DMode":false,"pivot":{"x":132.78260803222657,"y":-94.28119659423828,"z":1198.3929443359375},"rotation":{"x":-0.021754294633865358,"y":-0.9759396910667419,"z":0.11564085632562638,"w":-0.18356402218341828},"size":0.47348546981811526,"orthographic":false}