{"cameraMode":{"drawMode":0,"name":"Shaded","section":"Shading Mode"},"sceneLighting":false,"audioPlay":false,"sceneViewState":{"showFog":true,"showMaterialUpdate":false,"showSkybox":true,"showFlares":true,"showImageEffects":true,"showParticleSystems":true},"in2DMode":false,"pivot":{"x":96.81300354003906,"y":-95.11000061035156,"z":-35.83300018310547},"rotation":{"x":-0.015097308903932572,"y":0.9842551946640015,"z":-0.10522256791591644,"w":-0.14121653139591218},"size":0.6683830618858337,"orthographic":false}