{"cameraMode":{"drawMode":0,"name":"Shaded","section":"Shading Mode"},"sceneLighting":false,"audioPlay":false,"sceneViewState":{"showFog":true,"showMaterialUpdate":false,"showSkybox":true,"showFlares":true,"showImageEffects":true,"showParticleSystems":true},"in2DMode":false,"pivot":{"x":95.48249816894531,"y":-94.30361938476563,"z":-39.10209655761719},"rotation":{"x":-0.3320605754852295,"y":-0.2520819306373596,"z":0.0925687924027443,"w":-0.9042243361473084},"size":2.0519535541534426,"orthographic":false}