{"cameraMode":{"drawMode":0,"name":"Shaded","section":"Shading Mode"},"sceneLighting":false,"audioPlay":false,"sceneViewState":{"showFog":true,"showMaterialUpdate":false,"showSkybox":true,"showFlares":true,"showImageEffects":true,"showParticleSystems":true},"in2DMode":false,"pivot":{"x":86.3642578125,"y":-93.58837890625,"z":-78.8837890625},"rotation":{"x":0.07201919704675675,"y":0.42007696628570559,"z":-0.03347022086381912,"w":0.9040067791938782},"size":12.27645206451416,"orthographic":true}