{"cameraMode":{"drawMode":0,"name":"Shaded","section":"Shading Mode"},"sceneLighting":false,"audioPlay":false,"sceneViewState":{"showFog":true,"showMaterialUpdate":false,"showSkybox":true,"showFlares":true,"showImageEffects":true,"showParticleSystems":true},"in2DMode":false,"pivot":{"x":138.08189392089845,"y":-96.0794448852539,"z":1195.2381591796875},"rotation":{"x":-0.1865578591823578,"y":-0.32356077432632449,"z":0.06522947549819946,"w":-0.9253376722335815},"size":1.521616816520691,"orthographic":false}