{"cameraMode":{"drawMode":0,"name":"Shaded","section":"Shading Mode"},"sceneLighting":false,"audioPlay":false,"sceneViewState":{"showFog":true,"showMaterialUpdate":false,"showSkybox":true,"showFlares":true,"showImageEffects":true,"showParticleSystems":true},"in2DMode":false,"pivot":{"x":96.83089447021485,"y":-95.11000061035156,"z":-35.619998931884769},"rotation":{"x":0.26784729957580569,"y":-0.23280052840709687,"z":0.06531024724245072,"w":0.9326287508010864},"size":0.6683830618858337,"orthographic":false}