{"cameraMode":{"drawMode":0,"name":"Shaded","section":"Shading Mode"},"sceneLighting":false,"audioPlay":false,"sceneViewState":{"showFog":true,"showMaterialUpdate":false,"showSkybox":true,"showFlares":true,"showImageEffects":true,"showParticleSystems":true},"in2DMode":false,"pivot":{"x":95.24755859375,"y":-78.756103515625,"z":-51.126708984375},"rotation":{"x":-0.021029768511652948,"y":0.8110218644142151,"z":-0.029209379106760026,"w":-0.5839076042175293},"size":6.888857364654541,"orthographic":true}