{"cameraMode":{"drawMode":0,"name":"Shaded","section":"Shading Mode"},"sceneLighting":false,"audioPlay":false,"sceneViewState":{"showFog":true,"showMaterialUpdate":false,"showSkybox":true,"showFlares":true,"showImageEffects":true,"showParticleSystems":true},"in2DMode":false,"pivot":{"x":132.01519775390626,"y":-95.8975830078125,"z":1199.6866455078125},"rotation":{"x":0.07070346176624298,"y":-0.8228265047073364,"z":0.10501930862665177,"w":0.5540114045143127},"size":1.613622784614563,"orthographic":false}