{"cameraMode":{"drawMode":0,"name":"Shaded","section":"Shading Mode"},"sceneLighting":false,"audioPlay":false,"sceneViewState":{"showFog":true,"showMaterialUpdate":false,"showSkybox":true,"showFlares":true,"showImageEffects":true,"showParticleSystems":true},"in2DMode":false,"pivot":{"x":96.53914642333985,"y":-94.96839904785156,"z":-34.920684814453128},"rotation":{"x":0.05321643874049187,"y":-0.9418191313743591,"z":0.17126034200191499,"w":0.28427931666374209},"size":1.1028190851211548,"orthographic":false}