{"cameraMode":{"drawMode":0,"name":"Shaded","section":"Shading Mode"},"sceneLighting":false,"audioPlay":false,"sceneViewState":{"showFog":true,"showMaterialUpdate":false,"showSkybox":true,"showFlares":true,"showImageEffects":true,"showParticleSystems":true},"in2DMode":false,"pivot":{"x":0.012237310409545899,"y":1.9604463577270508,"z":0.06051522493362427},"rotation":{"x":-0.0550413504242897,"y":0.8885269165039063,"z":-0.11068244278430939,"w":-0.44185951352119448},"size":4.3400092124938969,"orthographic":false}